"","ns","Value","Name","n_clus","clustering","level"
"1","2_1",0.99382217035811,"sc3_40-00",40,"sc3_40",0
"2","2_1",0.672373434893105,"X40-00",40,"X40",0
"3","2_1",0.956530036599317,"sc3_40-05",39,"sc3_40",5
"4","2_1",0.672373434893105,"X40-05",40,"X40",5
"5","2_1",0.894484349702587,"sc3_40-10",38,"sc3_40",10
"6","2_1",0.672373434893105,"X40-10",40,"X40",10
"7","2_1",0.894484349702587,"sc3_40-15",38,"sc3_40",15
"8","2_1",0.672373434893105,"X40-15",40,"X40",15
"9","2_1",0.864071258316488,"sc3_40-20",37,"sc3_40",20
"10","2_1",0.672373434893105,"X40-20",40,"X40",20
"11","2_1",0.819675897223869,"sc3_40-25",36,"sc3_40",25
"12","2_1",0.672373434893105,"X40-25",40,"X40",25
"13","2_1",0.819675897223869,"sc3_40-30",36,"sc3_40",30
"14","2_1",0.672373434893105,"X40-30",40,"X40",30
"15","2_1",0.796636411708564,"sc3_40-35",35,"sc3_40",35
"16","2_1",0.672373434893105,"X40-35",40,"X40",35
"17","2_1",0.776457677915209,"sc3_40-40",34,"sc3_40",40
"18","2_1",0.672373434893105,"X40-40",40,"X40",40
"19","2_1",0.776457677915209,"sc3_40-45",34,"sc3_40",45
"20","2_1",0.672373434893105,"X40-45",40,"X40",45
"21","2_1",0.776457677915209,"sc3_40-50",34,"sc3_40",50
"22","2_1",0.683529503283119,"X40-50",39,"X40",50
"23","2_1",0.776457677915209,"sc3_40-55",34,"sc3_40",55
"24","2_1",0.705061419450017,"X40-55",37,"X40",55
"25","2_1",0.776457677915209,"sc3_40-60",34,"sc3_40",60
"26","2_1",0.713616655659429,"X40-60",36,"X40",60
"27","2_1",0.776457677915209,"sc3_40-65",34,"sc3_40",65
"28","2_1",0.721770752971192,"X40-65",35,"X40",65
"29","2_1",0.776457677915209,"sc3_40-70",34,"sc3_40",70
"30","2_1",0.736440867863314,"X40-70",33,"X40",70
"31","2_1",0.776457677915209,"sc3_40-75",34,"sc3_40",75
"32","2_1",0.743310508725731,"X40-75",32,"X40",75
"33","2_1",0.776457677915209,"sc3_40-80",34,"sc3_40",80
"34","2_1",0.754082871353713,"X40-80",30,"X40",80
"35","2_1",0.776457677915209,"sc3_40-85",34,"sc3_40",85
"36","2_1",0.765972006917921,"X40-85",28,"X40",85
"37","2_1",0.776457677915209,"sc3_40-90",34,"sc3_40",90
"38","2_1",0.773292064393447,"X40-90",26,"X40",90
"39","2_1",0.776457677915209,"sc3_40-95",34,"sc3_40",95
"40","2_1",0.781112807535798,"X40-95",24,"X40",95
"41","2_1",0.779681353622457,"sc3_40-100",25,"sc3_40",100
"42","2_1",0.781112807535798,"X40-100",24,"X40",100
"43","2_2",0.99382217035811,"sc3_40-00",40,"sc3_40",0
"44","2_2",0.844032371265819,"X40.1-00",40,"X40.1",0
"45","2_2",0.958707996490729,"sc3_40-05",39,"sc3_40",5
"46","2_2",0.844032371265819,"X40.1-05",40,"X40.1",5
"47","2_2",0.958707996490729,"sc3_40-10",39,"sc3_40",10
"48","2_2",0.844032371265819,"X40.1-10",40,"X40.1",10
"49","2_2",0.930234554305904,"sc3_40-15",38,"sc3_40",15
"50","2_2",0.844032371265819,"X40.1-15",40,"X40.1",15
"51","2_2",0.930234554305904,"sc3_40-20",38,"sc3_40",20
"52","2_2",0.844032371265819,"X40.1-20",40,"X40.1",20
"53","2_2",0.930234554305904,"sc3_40-25",38,"sc3_40",25
"54","2_2",0.856248218720541,"X40.1-25",39,"X40.1",25
"55","2_2",0.930234554305904,"sc3_40-30",38,"sc3_40",30
"56","2_2",0.856248218720541,"X40.1-30",39,"X40.1",30
"57","2_2",0.930234554305904,"sc3_40-35",38,"sc3_40",35
"58","2_2",0.86654308946937,"X40.1-35",38,"X40.1",35
"59","2_2",0.930234554305904,"sc3_40-40",38,"sc3_40",40
"60","2_2",0.875567489928444,"X40.1-40",37,"X40.1",40
"61","2_2",0.930234554305904,"sc3_40-45",38,"sc3_40",45
"62","2_2",0.883592929243326,"X40.1-45",36,"X40.1",45
"63","2_2",0.930234554305904,"sc3_40-50",38,"sc3_40",50
"64","2_2",0.883592929243326,"X40.1-50",36,"X40.1",50
"65","2_2",0.930234554305904,"sc3_40-55",38,"sc3_40",55
"66","2_2",0.889424090066269,"X40.1-55",35,"X40.1",55
"67","2_2",0.930234554305904,"sc3_40-60",38,"sc3_40",60
"68","2_2",0.897518583146771,"X40.1-60",34,"X40.1",60
"69","2_2",0.930234554305904,"sc3_40-65",38,"sc3_40",65
"70","2_2",0.90261971883331,"X40.1-65",33,"X40.1",65
"71","2_2",0.930234554305904,"sc3_40-70",38,"sc3_40",70
"72","2_2",0.911241303726002,"X40.1-70",32,"X40.1",70
"73","2_2",0.930234554305904,"sc3_40-75",38,"sc3_40",75
"74","2_2",0.916204756457159,"X40.1-75",31,"X40.1",75
"75","2_2",0.930234554305904,"sc3_40-80",38,"sc3_40",80
"76","2_2",0.923838426405848,"X40.1-80",30,"X40.1",80
"77","2_2",0.930234554305904,"sc3_40-85",38,"sc3_40",85
"78","2_2",0.928401738969491,"X40.1-85",29,"X40.1",85
"79","2_2",0.930234554305904,"sc3_40-90",38,"sc3_40",90
"80","2_2",0.934586724477308,"X40.1-90",28,"X40.1",90
"81","2_2",0.930489556102342,"sc3_40-95",36,"sc3_40",95
"82","2_2",0.934586724477308,"X40.1-95",28,"X40.1",95
"83","2_2",0.932399752596696,"sc3_40-100",29,"sc3_40",100
"84","2_2",0.934586724477308,"X40.1-100",28,"X40.1",100
"85","2_3",0.672373434893105,"X40-00",40,"X40",0
"86","2_3",0.844032371265819,"X40.1-00",40,"X40.1",0
"87","2_3",0.672373434893105,"X40-05",40,"X40",5
"88","2_3",0.784712825501819,"X40.1-05",38,"X40.1",5
"89","2_3",0.672373434893105,"X40-10",40,"X40",10
"90","2_3",0.761627730474876,"X40.1-10",37,"X40.1",10
"91","2_3",0.672373434893105,"X40-15",40,"X40",15
"92","2_3",0.739853121669377,"X40.1-15",36,"X40.1",15
"93","2_3",0.672373434893105,"X40-20",40,"X40",20
"94","2_3",0.715623794159259,"X40.1-20",35,"X40.1",20
"95","2_3",0.672373434893105,"X40-25",40,"X40",25
"96","2_3",0.705823207388533,"X40.1-25",34,"X40.1",25
"97","2_3",0.672373434893105,"X40-30",40,"X40",30
"98","2_3",0.684013684066822,"X40.1-30",33,"X40.1",30
"99","2_3",0.672373434893105,"X40-35",40,"X40",35
"100","2_3",0.673076491923073,"X40.1-35",32,"X40.1",35
"101","2_3",0.662971322007586,"X40-40",38,"X40",40
"102","2_3",0.673076491923073,"X40.1-40",32,"X40.1",40
"103","2_3",0.663339538888077,"X40-45",36,"X40",45
"104","2_3",0.673076491923073,"X40.1-45",32,"X40.1",45
"105","2_3",0.662072475575838,"X40-50",35,"X40",50
"106","2_3",0.673076491923073,"X40.1-50",32,"X40.1",50
"107","2_3",0.673823975126478,"X40-55",33,"X40",55
"108","2_3",0.673076491923073,"X40.1-55",32,"X40.1",55
"109","2_3",0.681781940547117,"X40-60",32,"X40",60
"110","2_3",0.680631342093465,"X40.1-60",31,"X40.1",60
"111","2_3",0.688803441132789,"X40-65",31,"X40",65
"112","2_3",0.69143946258828,"X40.1-65",30,"X40.1",65
"113","2_3",0.705533328404644,"X40-70",29,"X40",70
"114","2_3",0.69143946258828,"X40.1-70",30,"X40.1",70
"115","2_3",0.705533328404644,"X40-75",29,"X40",75
"116","2_3",0.70439315261712,"X40.1-75",28,"X40.1",75
"117","2_3",0.712666296483777,"X40-80",28,"X40",80
"118","2_3",0.717218142228874,"X40.1-80",26,"X40.1",80
"119","2_3",0.712666296483777,"X40-85",28,"X40",85
"120","2_3",0.727527241566672,"X40.1-85",24,"X40.1",85
"121","2_3",0.72392439834602,"X40-90",25,"X40",90
"122","2_3",0.727527241566672,"X40.1-90",24,"X40.1",90
"123","2_3",0.73220215712013,"X40-95",23,"X40",95
"124","2_3",0.732110290061554,"X40.1-95",23,"X40.1",95
"125","2_3",0.739174522165847,"X40-100",22,"X40",100
"126","2_3",0.739174522165847,"X40.1-100",22,"X40.1",100
"127","3",0.99382217035811,"sc3_40-00",40,"sc3_40",0
"128","3",0.672373434893105,"X40-00",40,"X40",0
"129","3",0.844032371265819,"X40.1-00",40,"X40.1",0
"130","3",0.99382217035811,"sc3_40-05",40,"sc3_40",5
"131","3",0.684113640612953,"X40-05",39,"X40",5
"132","3",0.854534379666575,"X40.1-05",39,"X40.1",5
"133","3",0.99382217035811,"sc3_40-10",40,"sc3_40",10
"134","3",0.694250178698748,"X40-10",38,"X40",10
"135","3",0.854534379666575,"X40.1-10",39,"X40.1",10
"136","3",0.99382217035811,"sc3_40-15",40,"sc3_40",15
"137","3",0.694250178698748,"X40-15",38,"X40",15
"138","3",0.86654308946937,"X40.1-15",38,"X40.1",15
"139","3",0.99382217035811,"sc3_40-20",40,"sc3_40",20
"140","3",0.694250178698748,"X40-20",38,"X40",20
"141","3",0.875567489928444,"X40.1-20",37,"X40.1",20
"142","3",0.99382217035811,"sc3_40-25",40,"sc3_40",25
"143","3",0.713616655659429,"X40-25",36,"X40",25
"144","3",0.875567489928444,"X40.1-25",37,"X40.1",25
"145","3",0.99382217035811,"sc3_40-30",40,"sc3_40",30
"146","3",0.721770752971192,"X40-30",35,"X40",30
"147","3",0.875567489928444,"X40.1-30",37,"X40.1",30
"148","3",0.99382217035811,"sc3_40-35",40,"sc3_40",35
"149","3",0.721770752971192,"X40-35",35,"X40",35
"150","3",0.883592929243326,"X40.1-35",36,"X40.1",35
"151","3",0.99382217035811,"sc3_40-40",40,"sc3_40",40
"152","3",0.735907705239248,"X40-40",33,"X40",40
"153","3",0.883592929243326,"X40.1-40",36,"X40.1",40
"154","3",0.99382217035811,"sc3_40-45",40,"sc3_40",45
"155","3",0.743310508725731,"X40-45",32,"X40",45
"156","3",0.883592929243326,"X40.1-45",36,"X40.1",45
"157","3",0.99382217035811,"sc3_40-50",40,"sc3_40",50
"158","3",0.743310508725731,"X40-50",32,"X40",50
"159","3",0.897518583146771,"X40.1-50",34,"X40.1",50
"160","3",0.99382217035811,"sc3_40-55",40,"sc3_40",55
"161","3",0.748518921269023,"X40-55",31,"X40",55
"162","3",0.897518583146771,"X40.1-55",34,"X40.1",55
"163","3",0.99382217035811,"sc3_40-60",40,"sc3_40",60
"164","3",0.748518921269023,"X40-60",31,"X40",60
"165","3",0.911241303726002,"X40.1-60",32,"X40.1",60
"166","3",0.99382217035811,"sc3_40-65",40,"sc3_40",65
"167","3",0.754082871353713,"X40-65",30,"X40",65
"168","3",0.911241303726002,"X40.1-65",32,"X40.1",65
"169","3",0.99382217035811,"sc3_40-70",40,"sc3_40",70
"170","3",0.754082871353713,"X40-70",30,"X40",70
"171","3",0.922225747237526,"X40.1-70",30,"X40.1",70
"172","3",0.99382217035811,"sc3_40-75",40,"sc3_40",75
"173","3",0.754082871353713,"X40-75",30,"X40",75
"174","3",0.927095851727342,"X40.1-75",29,"X40.1",75
"175","3",0.99382217035811,"sc3_40-80",40,"sc3_40",80
"176","3",0.758699635153947,"X40-80",29,"X40",80
"177","3",0.934586724477308,"X40.1-80",28,"X40.1",80
"178","3",0.99382217035811,"sc3_40-85",40,"sc3_40",85
"179","3",0.765972006917921,"X40-85",28,"X40",85
"180","3",0.934586724477308,"X40.1-85",28,"X40.1",85
"181","3",0.99382217035811,"sc3_40-90",40,"sc3_40",90
"182","3",0.773292064393447,"X40-90",26,"X40",90
"183","3",0.934586724477308,"X40.1-90",28,"X40.1",90
"184","3",0.99382217035811,"sc3_40-95",40,"sc3_40",95
"185","3",0.781112807535798,"X40-95",24,"X40",95
"186","3",0.934586724477308,"X40.1-95",28,"X40.1",95
"187","3",0.997591591630153,"sc3_40-100",31,"sc3_40",100
"188","3",0.781112807535798,"X40-100",24,"X40",100
"189","3",0.934586724477308,"X40.1-100",28,"X40.1",100
"190","4",0.99382217035811,"sc3_40-00",40,"sc3_40",0
"191","4",0.672373434893105,"X40-00",40,"X40",0
"192","4",0.844032371265819,"X40.1-00",40,"X40.1",0
"193","4",0.79735255761002,"tSNE_KMEANS_45-00",45,"tSNE_KMEANS_45",0
"194","4",0.99382217035811,"sc3_40-05",40,"sc3_40",5
"195","4",0.672373434893105,"X40-05",40,"X40",5
"196","4",0.856248218720541,"X40.1-05",39,"X40.1",5
"197","4",0.809523142267353,"tSNE_KMEANS_45-05",44,"tSNE_KMEANS_45",5
"198","4",0.99382217035811,"sc3_40-10",40,"sc3_40",10
"199","4",0.672373434893105,"X40-10",40,"X40",10
"200","4",0.86654308946937,"X40.1-10",38,"X40.1",10
"201","4",0.822201891414198,"tSNE_KMEANS_45-10",43,"tSNE_KMEANS_45",10
"202","4",0.99382217035811,"sc3_40-15",40,"sc3_40",15
"203","4",0.692932372186194,"X40-15",38,"X40",15
"204","4",0.86654308946937,"X40.1-15",38,"X40.1",15
"205","4",0.822201891414198,"tSNE_KMEANS_45-15",43,"tSNE_KMEANS_45",15
"206","4",0.99382217035811,"sc3_40-20",40,"sc3_40",20
"207","4",0.702940910142937,"X40-20",37,"X40",20
"208","4",0.874689704403271,"X40.1-20",37,"X40.1",20
"209","4",0.822201891414198,"tSNE_KMEANS_45-20",43,"tSNE_KMEANS_45",20
"210","4",0.99382217035811,"sc3_40-25",40,"sc3_40",25
"211","4",0.711223348094511,"X40-25",36,"X40",25
"212","4",0.874689704403271,"X40.1-25",37,"X40.1",25
"213","4",0.83117558069956,"tSNE_KMEANS_45-25",42,"tSNE_KMEANS_45",25
"214","4",0.99382217035811,"sc3_40-30",40,"sc3_40",30
"215","4",0.721770752971192,"X40-30",35,"X40",30
"216","4",0.874689704403271,"X40.1-30",37,"X40.1",30
"217","4",0.839591962081613,"tSNE_KMEANS_45-30",41,"tSNE_KMEANS_45",30
"218","4",0.99382217035811,"sc3_40-35",40,"sc3_40",35
"219","4",0.728961066103812,"X40-35",34,"X40",35
"220","4",0.874689704403271,"X40.1-35",37,"X40.1",35
"221","4",0.847342864676509,"tSNE_KMEANS_45-35",40,"tSNE_KMEANS_45",35
"222","4",0.99382217035811,"sc3_40-40",40,"sc3_40",40
"223","4",0.743310508725731,"X40-40",32,"X40",40
"224","4",0.874689704403271,"X40.1-40",37,"X40.1",40
"225","4",0.847342864676509,"tSNE_KMEANS_45-40",40,"tSNE_KMEANS_45",40
"226","4",0.99382217035811,"sc3_40-45",40,"sc3_40",45
"227","4",0.743310508725731,"X40-45",32,"X40",45
"228","4",0.888948125830484,"X40.1-45",35,"X40.1",45
"229","4",0.847342864676509,"tSNE_KMEANS_45-45",40,"tSNE_KMEANS_45",45
"230","4",0.99382217035811,"sc3_40-50",40,"sc3_40",50
"231","4",0.743310508725731,"X40-50",32,"X40",50
"232","4",0.894103743315815,"X40.1-50",34,"X40.1",50
"233","4",0.862001683628507,"tSNE_KMEANS_45-50",38,"tSNE_KMEANS_45",50
"234","4",0.99382217035811,"sc3_40-55",40,"sc3_40",55
"235","4",0.753174698886727,"X40-55",30,"X40",55
"236","4",0.894103743315815,"X40.1-55",34,"X40.1",55
"237","4",0.862001683628507,"tSNE_KMEANS_45-55",38,"tSNE_KMEANS_45",55
"238","4",0.99382217035811,"sc3_40-60",40,"sc3_40",60
"239","4",0.758699635153947,"X40-60",29,"X40",60
"240","4",0.894103743315815,"X40.1-60",34,"X40.1",60
"241","4",0.874151545117629,"tSNE_KMEANS_45-60",36,"tSNE_KMEANS_45",60
"242","4",0.99382217035811,"sc3_40-65",40,"sc3_40",65
"243","4",0.766101248352474,"X40-65",27,"X40",65
"244","4",0.894103743315815,"X40.1-65",34,"X40.1",65
"245","4",0.874151545117629,"tSNE_KMEANS_45-65",36,"tSNE_KMEANS_45",65
"246","4",0.99382217035811,"sc3_40-70",40,"sc3_40",70
"247","4",0.766101248352474,"X40-70",27,"X40",70
"248","4",0.905413527560199,"X40.1-70",32,"X40.1",70
"249","4",0.882795492996432,"tSNE_KMEANS_45-70",35,"tSNE_KMEANS_45",70
"250","4",0.99382217035811,"sc3_40-75",40,"sc3_40",75
"251","4",0.773292064393447,"X40-75",26,"X40",75
"252","4",0.913190006190519,"X40.1-75",31,"X40.1",75
"253","4",0.892162113765078,"tSNE_KMEANS_45-75",34,"tSNE_KMEANS_45",75
"254","4",0.99382217035811,"sc3_40-80",40,"sc3_40",80
"255","4",0.781112807535798,"X40-80",24,"X40",80
"256","4",0.913190006190519,"X40.1-80",31,"X40.1",80
"257","4",0.892162113765078,"tSNE_KMEANS_45-80",34,"tSNE_KMEANS_45",80
"258","4",0.99382217035811,"sc3_40-85",40,"sc3_40",85
"259","4",0.781112807535798,"X40-85",24,"X40",85
"260","4",0.921531565945747,"X40.1-85",30,"X40.1",85
"261","4",0.90327522374732,"tSNE_KMEANS_45-85",32,"tSNE_KMEANS_45",85
"262","4",0.99382217035811,"sc3_40-90",40,"sc3_40",90
"263","4",0.781112807535798,"X40-90",24,"X40",90
"264","4",0.934586724477308,"X40.1-90",28,"X40.1",90
"265","4",0.90327522374732,"tSNE_KMEANS_45-90",32,"tSNE_KMEANS_45",90
"266","4",0.99382217035811,"sc3_40-95",40,"sc3_40",95
"267","4",0.781112807535798,"X40-95",24,"X40",95
"268","4",0.934586724477308,"X40.1-95",28,"X40.1",95
"269","4",0.914085119740763,"tSNE_KMEANS_45-95",29,"tSNE_KMEANS_45",95
"270","4",0.997591591630153,"sc3_40-100",31,"sc3_40",100
"271","4",0.781112807535798,"X40-100",24,"X40",100
"272","4",0.934586724477308,"X40.1-100",28,"X40.1",100
"273","4",0.919385436764821,"tSNE_KMEANS_45-100",28,"tSNE_KMEANS_45",100
"274","5",0.99382217035811,"sc3_40-00",40,"sc3_40",0
"275","5",0.672373434893105,"X40-00",40,"X40",0
"276","5",0.844032371265819,"X40.1-00",40,"X40.1",0
"277","5",0.79735255761002,"tSNE_KMEANS_45-00",45,"tSNE_KMEANS_45",0
"278","5",0.854850538127996,"UMAP_KMEANS_45-00",45,"UMAP_KMEANS_45",0
"279","5",0.99382217035811,"sc3_40-05",40,"sc3_40",5
"280","5",0.672373434893105,"X40-05",40,"X40",5
"281","5",0.854534379666575,"X40.1-05",39,"X40.1",5
"282","5",0.809523142267353,"tSNE_KMEANS_45-05",44,"tSNE_KMEANS_45",5
"283","5",0.866182651305653,"UMAP_KMEANS_45-05",44,"UMAP_KMEANS_45",5
"284","5",0.99382217035811,"sc3_40-10",40,"sc3_40",10
"285","5",0.684113640612953,"X40-10",39,"X40",10
"286","5",0.854534379666575,"X40.1-10",39,"X40.1",10
"287","5",0.822201891414198,"tSNE_KMEANS_45-10",43,"tSNE_KMEANS_45",10
"288","5",0.866182651305653,"UMAP_KMEANS_45-10",44,"UMAP_KMEANS_45",10
"289","5",0.99382217035811,"sc3_40-15",40,"sc3_40",15
"290","5",0.684113640612953,"X40-15",39,"X40",15
"291","5",0.86654308946937,"X40.1-15",38,"X40.1",15
"292","5",0.822201891414198,"tSNE_KMEANS_45-15",43,"tSNE_KMEANS_45",15
"293","5",0.885564791003094,"UMAP_KMEANS_45-15",42,"UMAP_KMEANS_45",15
"294","5",0.99382217035811,"sc3_40-20",40,"sc3_40",20
"295","5",0.705061419450017,"X40-20",37,"X40",20
"296","5",0.86654308946937,"X40.1-20",38,"X40.1",20
"297","5",0.822201891414198,"tSNE_KMEANS_45-20",43,"tSNE_KMEANS_45",20
"298","5",0.885564791003094,"UMAP_KMEANS_45-20",42,"UMAP_KMEANS_45",20
"299","5",0.99382217035811,"sc3_40-25",40,"sc3_40",25
"300","5",0.713318285994308,"X40-25",36,"X40",25
"301","5",0.86654308946937,"X40.1-25",38,"X40.1",25
"302","5",0.83117558069956,"tSNE_KMEANS_45-25",42,"tSNE_KMEANS_45",25
"303","5",0.896796025589256,"UMAP_KMEANS_45-25",41,"UMAP_KMEANS_45",25
"304","5",0.99382217035811,"sc3_40-30",40,"sc3_40",30
"305","5",0.713318285994308,"X40-30",36,"X40",30
"306","5",0.874689704403271,"X40.1-30",37,"X40.1",30
"307","5",0.847342864676509,"tSNE_KMEANS_45-30",40,"tSNE_KMEANS_45",30
"308","5",0.896796025589256,"UMAP_KMEANS_45-30",41,"UMAP_KMEANS_45",30
"309","5",0.99382217035811,"sc3_40-35",40,"sc3_40",35
"310","5",0.713318285994308,"X40-35",36,"X40",35
"311","5",0.874689704403271,"X40.1-35",37,"X40.1",35
"312","5",0.847342864676509,"tSNE_KMEANS_45-35",40,"tSNE_KMEANS_45",35
"313","5",0.920040409207956,"UMAP_KMEANS_45-35",38,"UMAP_KMEANS_45",35
"314","5",0.99382217035811,"sc3_40-40",40,"sc3_40",40
"315","5",0.713318285994308,"X40-40",36,"X40",40
"316","5",0.888948125830484,"X40.1-40",35,"X40.1",40
"317","5",0.847342864676509,"tSNE_KMEANS_45-40",40,"tSNE_KMEANS_45",40
"318","5",0.920040409207956,"UMAP_KMEANS_45-40",38,"UMAP_KMEANS_45",40
"319","5",0.99382217035811,"sc3_40-45",40,"sc3_40",45
"320","5",0.713318285994308,"X40-45",36,"X40",45
"321","5",0.894103743315815,"X40.1-45",34,"X40.1",45
"322","5",0.862001683628507,"tSNE_KMEANS_45-45",38,"tSNE_KMEANS_45",45
"323","5",0.920040409207956,"UMAP_KMEANS_45-45",38,"UMAP_KMEANS_45",45
"324","5",0.99382217035811,"sc3_40-50",40,"sc3_40",50
"325","5",0.725452723816424,"X40-50",34,"X40",50
"326","5",0.894103743315815,"X40.1-50",34,"X40.1",50
"327","5",0.862001683628507,"tSNE_KMEANS_45-50",38,"tSNE_KMEANS_45",50
"328","5",0.935334249841432,"UMAP_KMEANS_45-50",36,"UMAP_KMEANS_45",50
"329","5",0.99382217035811,"sc3_40-55",40,"sc3_40",55
"330","5",0.73772951561174,"X40-55",32,"X40",55
"331","5",0.894103743315815,"X40.1-55",34,"X40.1",55
"332","5",0.866419448613531,"tSNE_KMEANS_45-55",37,"tSNE_KMEANS_45",55
"333","5",0.935334249841432,"UMAP_KMEANS_45-55",36,"UMAP_KMEANS_45",55
"334","5",0.99382217035811,"sc3_40-60",40,"sc3_40",60
"335","5",0.750826979507784,"X40-60",30,"X40",60
"336","5",0.894103743315815,"X40.1-60",34,"X40.1",60
"337","5",0.874151545117629,"tSNE_KMEANS_45-60",36,"tSNE_KMEANS_45",60
"338","5",0.935334249841432,"UMAP_KMEANS_45-60",36,"UMAP_KMEANS_45",60
"339","5",0.99382217035811,"sc3_40-65",40,"sc3_40",65
"340","5",0.750826979507784,"X40-65",30,"X40",65
"341","5",0.910533783895314,"X40.1-65",32,"X40.1",65
"342","5",0.883654354212359,"tSNE_KMEANS_45-65",35,"tSNE_KMEANS_45",65
"343","5",0.935334249841432,"UMAP_KMEANS_45-65",36,"UMAP_KMEANS_45",65
"344","5",0.99382217035811,"sc3_40-70",40,"sc3_40",70
"345","5",0.750826979507784,"X40-70",30,"X40",70
"346","5",0.910533783895314,"X40.1-70",32,"X40.1",70
"347","5",0.89492763340198,"tSNE_KMEANS_45-70",33,"tSNE_KMEANS_45",70
"348","5",0.943587843701573,"UMAP_KMEANS_45-70",35,"UMAP_KMEANS_45",70
"349","5",0.99382217035811,"sc3_40-75",40,"sc3_40",75
"350","5",0.762370058911031,"X40-75",27,"X40",75
"351","5",0.910533783895314,"X40.1-75",32,"X40.1",75
"352","5",0.90327522374732,"tSNE_KMEANS_45-75",32,"tSNE_KMEANS_45",75
"353","5",0.943587843701573,"UMAP_KMEANS_45-75",35,"UMAP_KMEANS_45",75
"354","5",0.99382217035811,"sc3_40-80",40,"sc3_40",80
"355","5",0.769483176446187,"X40-80",26,"X40",80
"356","5",0.926997029644574,"X40.1-80",29,"X40.1",80
"357","5",0.90327522374732,"tSNE_KMEANS_45-80",32,"tSNE_KMEANS_45",80
"358","5",0.943587843701573,"UMAP_KMEANS_45-80",35,"UMAP_KMEANS_45",80
"359","5",0.99382217035811,"sc3_40-85",40,"sc3_40",85
"360","5",0.769483176446187,"X40-85",26,"X40",85
"361","5",0.934586724477308,"X40.1-85",28,"X40.1",85
"362","5",0.90327522374732,"tSNE_KMEANS_45-85",32,"tSNE_KMEANS_45",85
"363","5",0.949709177917212,"UMAP_KMEANS_45-85",33,"UMAP_KMEANS_45",85
"364","5",0.99382217035811,"sc3_40-90",40,"sc3_40",90
"365","5",0.769483176446187,"X40-90",26,"X40",90
"366","5",0.934586724477308,"X40.1-90",28,"X40.1",90
"367","5",0.914085119740763,"tSNE_KMEANS_45-90",29,"tSNE_KMEANS_45",90
"368","5",0.953866301950164,"UMAP_KMEANS_45-90",32,"UMAP_KMEANS_45",90
"369","5",0.99382217035811,"sc3_40-95",40,"sc3_40",95
"370","5",0.777252966278639,"X40-95",25,"X40",95
"371","5",0.934586724477308,"X40.1-95",28,"X40.1",95
"372","5",0.919385436764821,"tSNE_KMEANS_45-95",28,"tSNE_KMEANS_45",95
"373","5",0.962035438392,"UMAP_KMEANS_45-95",31,"UMAP_KMEANS_45",95
"374","5",0.997591591630153,"sc3_40-100",31,"sc3_40",100
"375","5",0.781112807535798,"X40-100",24,"X40",100
"376","5",0.934586724477308,"X40.1-100",28,"X40.1",100
"377","5",0.919385436764821,"tSNE_KMEANS_45-100",28,"tSNE_KMEANS_45",100
"378","5",0.96918640651212,"UMAP_KMEANS_45-100",29,"UMAP_KMEANS_45",100
"379","6",0.99382217035811,"sc3_40-00",40,"sc3_40",0
"380","6",0.672373434893105,"X40-00",40,"X40",0
"381","6",0.844032371265819,"X40.1-00",40,"X40.1",0
"382","6",0.79735255761002,"tSNE_KMEANS_45-00",45,"tSNE_KMEANS_45",0
"383","6",0.854850538127996,"UMAP_KMEANS_45-00",45,"UMAP_KMEANS_45",0
"384","6",0.753605733475748,"tSNE_KMEANS_35-00",35,"tSNE_KMEANS_35",0
"385","6",0.99382217035811,"sc3_40-05",40,"sc3_40",5
"386","6",0.672373434893105,"X40-05",40,"X40",5
"387","6",0.844032371265819,"X40.1-05",40,"X40.1",5
"388","6",0.822201891414198,"tSNE_KMEANS_45-05",43,"tSNE_KMEANS_45",5
"389","6",0.854850538127996,"UMAP_KMEANS_45-05",45,"UMAP_KMEANS_45",5
"390","6",0.7646456783588,"tSNE_KMEANS_35-05",34,"tSNE_KMEANS_35",5
"391","6",0.99382217035811,"sc3_40-10",40,"sc3_40",10
"392","6",0.684113640612953,"X40-10",39,"X40",10
"393","6",0.844032371265819,"X40.1-10",40,"X40.1",10
"394","6",0.822201891414198,"tSNE_KMEANS_45-10",43,"tSNE_KMEANS_45",10
"395","6",0.866182651305653,"UMAP_KMEANS_45-10",44,"UMAP_KMEANS_45",10
"396","6",0.773890549422908,"tSNE_KMEANS_35-10",33,"tSNE_KMEANS_35",10
"397","6",0.99382217035811,"sc3_40-15",40,"sc3_40",15
"398","6",0.705061419450017,"X40-15",37,"X40",15
"399","6",0.844032371265819,"X40.1-15",40,"X40.1",15
"400","6",0.822201891414198,"tSNE_KMEANS_45-15",43,"tSNE_KMEANS_45",15
"401","6",0.876329039766322,"UMAP_KMEANS_45-15",43,"UMAP_KMEANS_45",15
"402","6",0.773890549422908,"tSNE_KMEANS_35-15",33,"tSNE_KMEANS_35",15
"403","6",0.99382217035811,"sc3_40-20",40,"sc3_40",20
"404","6",0.713318285994308,"X40-20",36,"X40",20
"405","6",0.844032371265819,"X40.1-20",40,"X40.1",20
"406","6",0.822201891414198,"tSNE_KMEANS_45-20",43,"tSNE_KMEANS_45",20
"407","6",0.896796025589256,"UMAP_KMEANS_45-20",41,"UMAP_KMEANS_45",20
"408","6",0.773890549422908,"tSNE_KMEANS_35-20",33,"tSNE_KMEANS_35",20
"409","6",0.99382217035811,"sc3_40-25",40,"sc3_40",25
"410","6",0.713318285994308,"X40-25",36,"X40",25
"411","6",0.844032371265819,"X40.1-25",40,"X40.1",25
"412","6",0.847342864676509,"tSNE_KMEANS_45-25",40,"tSNE_KMEANS_45",25
"413","6",0.896796025589256,"UMAP_KMEANS_45-25",41,"UMAP_KMEANS_45",25
"414","6",0.780849880826732,"tSNE_KMEANS_35-25",32,"tSNE_KMEANS_35",25
"415","6",0.99382217035811,"sc3_40-30",40,"sc3_40",30
"416","6",0.713318285994308,"X40-30",36,"X40",30
"417","6",0.86654308946937,"X40.1-30",38,"X40.1",30
"418","6",0.847342864676509,"tSNE_KMEANS_45-30",40,"tSNE_KMEANS_45",30
"419","6",0.904353064807974,"UMAP_KMEANS_45-30",40,"UMAP_KMEANS_45",30
"420","6",0.780849880826732,"tSNE_KMEANS_35-30",32,"tSNE_KMEANS_35",30
"421","6",0.99382217035811,"sc3_40-35",40,"sc3_40",35
"422","6",0.713318285994308,"X40-35",36,"X40",35
"423","6",0.880995132132035,"X40.1-35",36,"X40.1",35
"424","6",0.847342864676509,"tSNE_KMEANS_45-35",40,"tSNE_KMEANS_45",35
"425","6",0.920040409207956,"UMAP_KMEANS_45-35",38,"UMAP_KMEANS_45",35
"426","6",0.780849880826732,"tSNE_KMEANS_35-35",32,"tSNE_KMEANS_35",35
"427","6",0.99382217035811,"sc3_40-40",40,"sc3_40",40
"428","6",0.713318285994308,"X40-40",36,"X40",40
"429","6",0.889805125955609,"X40.1-40",35,"X40.1",40
"430","6",0.862001683628507,"tSNE_KMEANS_45-40",38,"tSNE_KMEANS_45",40
"431","6",0.920040409207956,"UMAP_KMEANS_45-40",38,"UMAP_KMEANS_45",40
"432","6",0.780849880826732,"tSNE_KMEANS_35-40",32,"tSNE_KMEANS_35",40
"433","6",0.99382217035811,"sc3_40-45",40,"sc3_40",45
"434","6",0.713318285994308,"X40-45",36,"X40",45
"435","6",0.889805125955609,"X40.1-45",35,"X40.1",45
"436","6",0.866605096586503,"tSNE_KMEANS_45-45",37,"tSNE_KMEANS_45",45
"437","6",0.928516896294002,"UMAP_KMEANS_45-45",37,"UMAP_KMEANS_45",45
"438","6",0.793566794216735,"tSNE_KMEANS_35-45",30,"tSNE_KMEANS_35",45
"439","6",0.99382217035811,"sc3_40-50",40,"sc3_40",50
"440","6",0.718224677232013,"X40-50",35,"X40",50
"441","6",0.894953289034994,"X40.1-50",34,"X40.1",50
"442","6",0.873687721068729,"tSNE_KMEANS_45-50",36,"tSNE_KMEANS_45",50
"443","6",0.928516896294002,"UMAP_KMEANS_45-50",37,"UMAP_KMEANS_45",50
"444","6",0.793566794216735,"tSNE_KMEANS_35-50",30,"tSNE_KMEANS_35",50
"445","6",0.99382217035811,"sc3_40-55",40,"sc3_40",55
"446","6",0.729406128867737,"X40-55",33,"X40",55
"447","6",0.894953289034994,"X40.1-55",34,"X40.1",55
"448","6",0.885605068446932,"tSNE_KMEANS_45-55",34,"tSNE_KMEANS_45",55
"449","6",0.928516896294002,"UMAP_KMEANS_45-55",37,"UMAP_KMEANS_45",55
"450","6",0.793566794216735,"tSNE_KMEANS_35-55",30,"tSNE_KMEANS_35",55
"451","6",0.99382217035811,"sc3_40-60",40,"sc3_40",60
"452","6",0.744035077893597,"X40-60",31,"X40",60
"453","6",0.894953289034994,"X40.1-60",34,"X40.1",60
"454","6",0.885605068446932,"tSNE_KMEANS_45-60",34,"tSNE_KMEANS_45",60
"455","6",0.943587843701573,"UMAP_KMEANS_45-60",35,"UMAP_KMEANS_45",60
"456","6",0.793566794216735,"tSNE_KMEANS_35-60",30,"tSNE_KMEANS_35",60
"457","6",0.99382217035811,"sc3_40-65",40,"sc3_40",65
"458","6",0.750826979507784,"X40-65",30,"X40",65
"459","6",0.90624683466637,"X40.1-65",32,"X40.1",65
"460","6",0.89408500439885,"tSNE_KMEANS_45-65",33,"tSNE_KMEANS_45",65
"461","6",0.943587843701573,"UMAP_KMEANS_45-65",35,"UMAP_KMEANS_45",65
"462","6",0.793566794216735,"tSNE_KMEANS_35-65",30,"tSNE_KMEANS_35",65
"463","6",0.99382217035811,"sc3_40-70",40,"sc3_40",70
"464","6",0.758065753209902,"X40-70",29,"X40",70
"465","6",0.91386707114993,"X40.1-70",31,"X40.1",70
"466","6",0.89408500439885,"tSNE_KMEANS_45-70",33,"tSNE_KMEANS_45",70
"467","6",0.943587843701573,"UMAP_KMEANS_45-70",35,"UMAP_KMEANS_45",70
"468","6",0.803270639904844,"tSNE_KMEANS_35-70",28,"tSNE_KMEANS_35",70
"469","6",0.99382217035811,"sc3_40-75",40,"sc3_40",75
"470","6",0.758065753209902,"X40-75",29,"X40",75
"471","6",0.921531565945747,"X40.1-75",30,"X40.1",75
"472","6",0.90327522374732,"tSNE_KMEANS_45-75",32,"tSNE_KMEANS_45",75
"473","6",0.943587843701573,"UMAP_KMEANS_45-75",35,"UMAP_KMEANS_45",75
"474","6",0.812613791623795,"tSNE_KMEANS_35-75",27,"tSNE_KMEANS_35",75
"475","6",0.99382217035811,"sc3_40-80",40,"sc3_40",80
"476","6",0.761545167741306,"X40-80",28,"X40",80
"477","6",0.921531565945747,"X40.1-80",30,"X40.1",80
"478","6",0.90327522374732,"tSNE_KMEANS_45-80",32,"tSNE_KMEANS_45",80
"479","6",0.943587843701573,"UMAP_KMEANS_45-80",35,"UMAP_KMEANS_45",80
"480","6",0.82843520304674,"tSNE_KMEANS_35-80",24,"tSNE_KMEANS_35",80
"481","6",0.99382217035811,"sc3_40-85",40,"sc3_40",85
"482","6",0.769483176446187,"X40-85",26,"X40",85
"483","6",0.934586724477308,"X40.1-85",28,"X40.1",85
"484","6",0.90327522374732,"tSNE_KMEANS_45-85",32,"tSNE_KMEANS_45",85
"485","6",0.943587843701573,"UMAP_KMEANS_45-85",35,"UMAP_KMEANS_45",85
"486","6",0.82843520304674,"tSNE_KMEANS_35-85",24,"tSNE_KMEANS_35",85
"487","6",0.99382217035811,"sc3_40-90",40,"sc3_40",90
"488","6",0.777252966278639,"X40-90",25,"X40",90
"489","6",0.934586724477308,"X40.1-90",28,"X40.1",90
"490","6",0.90327522374732,"tSNE_KMEANS_45-90",32,"tSNE_KMEANS_45",90
"491","6",0.957938981859349,"UMAP_KMEANS_45-90",32,"UMAP_KMEANS_45",90
"492","6",0.82843520304674,"tSNE_KMEANS_35-90",24,"tSNE_KMEANS_35",90
"493","6",0.99382217035811,"sc3_40-95",40,"sc3_40",95
"494","6",0.777252966278639,"X40-95",25,"X40",95
"495","6",0.934586724477308,"X40.1-95",28,"X40.1",95
"496","6",0.919385436764821,"tSNE_KMEANS_45-95",28,"tSNE_KMEANS_45",95
"497","6",0.962035438392,"UMAP_KMEANS_45-95",31,"UMAP_KMEANS_45",95
"498","6",0.82843520304674,"tSNE_KMEANS_35-95",24,"tSNE_KMEANS_35",95
"499","6",0.997591591630153,"sc3_40-100",31,"sc3_40",100
"500","6",0.781112807535798,"X40-100",24,"X40",100
"501","6",0.934586724477308,"X40.1-100",28,"X40.1",100
"502","6",0.919385436764821,"tSNE_KMEANS_45-100",28,"tSNE_KMEANS_45",100
"503","6",0.96918640651212,"UMAP_KMEANS_45-100",29,"UMAP_KMEANS_45",100
"504","6",0.82843520304674,"tSNE_KMEANS_35-100",24,"tSNE_KMEANS_35",100
"505","7",0.99382217035811,"sc3_40-00",40,"sc3_40",0
"506","7",0.672373434893105,"X40-00",40,"X40",0
"507","7",0.844032371265819,"X40.1-00",40,"X40.1",0
"508","7",0.79735255761002,"tSNE_KMEANS_45-00",45,"tSNE_KMEANS_45",0
"509","7",0.854850538127996,"UMAP_KMEANS_45-00",45,"UMAP_KMEANS_45",0
"510","7",0.753605733475748,"tSNE_KMEANS_35-00",35,"tSNE_KMEANS_35",0
"511","7",0.998061322591547,"sc3_35-00",35,"sc3_35",0
"512","7",0.99382217035811,"sc3_40-05",40,"sc3_40",5
"513","7",0.672373434893105,"X40-05",40,"X40",5
"514","7",0.844032371265819,"X40.1-05",40,"X40.1",5
"515","7",0.822201891414198,"tSNE_KMEANS_45-05",43,"tSNE_KMEANS_45",5
"516","7",0.854850538127996,"UMAP_KMEANS_45-05",45,"UMAP_KMEANS_45",5
"517","7",0.7646456783588,"tSNE_KMEANS_35-05",34,"tSNE_KMEANS_35",5
"518","7",0.998061322591547,"sc3_35-05",35,"sc3_35",5
"519","7",0.99382217035811,"sc3_40-10",40,"sc3_40",10
"520","7",0.684113640612953,"X40-10",39,"X40",10
"521","7",0.844032371265819,"X40.1-10",40,"X40.1",10
"522","7",0.822201891414198,"tSNE_KMEANS_45-10",43,"tSNE_KMEANS_45",10
"523","7",0.866182651305653,"UMAP_KMEANS_45-10",44,"UMAP_KMEANS_45",10
"524","7",0.773890549422908,"tSNE_KMEANS_35-10",33,"tSNE_KMEANS_35",10
"525","7",0.998061322591547,"sc3_35-10",35,"sc3_35",10
"526","7",0.99382217035811,"sc3_40-15",40,"sc3_40",15
"527","7",0.705061419450017,"X40-15",37,"X40",15
"528","7",0.844032371265819,"X40.1-15",40,"X40.1",15
"529","7",0.822201891414198,"tSNE_KMEANS_45-15",43,"tSNE_KMEANS_45",15
"530","7",0.876329039766322,"UMAP_KMEANS_45-15",43,"UMAP_KMEANS_45",15
"531","7",0.773890549422908,"tSNE_KMEANS_35-15",33,"tSNE_KMEANS_35",15
"532","7",0.998061322591547,"sc3_35-15",35,"sc3_35",15
"533","7",0.99382217035811,"sc3_40-20",40,"sc3_40",20
"534","7",0.713318285994308,"X40-20",36,"X40",20
"535","7",0.844032371265819,"X40.1-20",40,"X40.1",20
"536","7",0.822201891414198,"tSNE_KMEANS_45-20",43,"tSNE_KMEANS_45",20
"537","7",0.896796025589256,"UMAP_KMEANS_45-20",41,"UMAP_KMEANS_45",20
"538","7",0.773890549422908,"tSNE_KMEANS_35-20",33,"tSNE_KMEANS_35",20
"539","7",0.998061322591547,"sc3_35-20",35,"sc3_35",20
"540","7",0.99382217035811,"sc3_40-25",40,"sc3_40",25
"541","7",0.713318285994308,"X40-25",36,"X40",25
"542","7",0.856248218720541,"X40.1-25",39,"X40.1",25
"543","7",0.847342864676509,"tSNE_KMEANS_45-25",40,"tSNE_KMEANS_45",25
"544","7",0.896796025589256,"UMAP_KMEANS_45-25",41,"UMAP_KMEANS_45",25
"545","7",0.773890549422908,"tSNE_KMEANS_35-25",33,"tSNE_KMEANS_35",25
"546","7",0.998061322591547,"sc3_35-25",35,"sc3_35",25
"547","7",0.99382217035811,"sc3_40-30",40,"sc3_40",30
"548","7",0.713318285994308,"X40-30",36,"X40",30
"549","7",0.86654308946937,"X40.1-30",38,"X40.1",30
"550","7",0.847342864676509,"tSNE_KMEANS_45-30",40,"tSNE_KMEANS_45",30
"551","7",0.904353064807974,"UMAP_KMEANS_45-30",40,"UMAP_KMEANS_45",30
"552","7",0.780849880826732,"tSNE_KMEANS_35-30",32,"tSNE_KMEANS_35",30
"553","7",0.998061322591547,"sc3_35-30",35,"sc3_35",30
"554","7",0.99382217035811,"sc3_40-35",40,"sc3_40",35
"555","7",0.713318285994308,"X40-35",36,"X40",35
"556","7",0.880860761559104,"X40.1-35",36,"X40.1",35
"557","7",0.847342864676509,"tSNE_KMEANS_45-35",40,"tSNE_KMEANS_45",35
"558","7",0.920040409207956,"UMAP_KMEANS_45-35",38,"UMAP_KMEANS_45",35
"559","7",0.780849880826732,"tSNE_KMEANS_35-35",32,"tSNE_KMEANS_35",35
"560","7",0.998061322591547,"sc3_35-35",35,"sc3_35",35
"561","7",0.99382217035811,"sc3_40-40",40,"sc3_40",40
"562","7",0.713318285994308,"X40-40",36,"X40",40
"563","7",0.889805125955609,"X40.1-40",35,"X40.1",40
"564","7",0.852722024000068,"tSNE_KMEANS_45-40",39,"tSNE_KMEANS_45",40
"565","7",0.928516896294002,"UMAP_KMEANS_45-40",37,"UMAP_KMEANS_45",40
"566","7",0.780849880826732,"tSNE_KMEANS_35-40",32,"tSNE_KMEANS_35",40
"567","7",0.998061322591547,"sc3_35-40",35,"sc3_35",40
"568","7",0.99382217035811,"sc3_40-45",40,"sc3_40",45
"569","7",0.713318285994308,"X40-45",36,"X40",45
"570","7",0.894953289034994,"X40.1-45",34,"X40.1",45
"571","7",0.862001683628507,"tSNE_KMEANS_45-45",38,"tSNE_KMEANS_45",45
"572","7",0.928516896294002,"UMAP_KMEANS_45-45",37,"UMAP_KMEANS_45",45
"573","7",0.793566794216735,"tSNE_KMEANS_35-45",30,"tSNE_KMEANS_35",45
"574","7",0.998061322591547,"sc3_35-45",35,"sc3_35",45
"575","7",0.99382217035811,"sc3_40-50",40,"sc3_40",50
"576","7",0.718224677232013,"X40-50",35,"X40",50
"577","7",0.894953289034994,"X40.1-50",34,"X40.1",50
"578","7",0.882338343662681,"tSNE_KMEANS_45-50",35,"tSNE_KMEANS_45",50
"579","7",0.928516896294002,"UMAP_KMEANS_45-50",37,"UMAP_KMEANS_45",50
"580","7",0.793566794216735,"tSNE_KMEANS_35-50",30,"tSNE_KMEANS_35",50
"581","7",0.998061322591547,"sc3_35-50",35,"sc3_35",50
"582","7",0.99382217035811,"sc3_40-55",40,"sc3_40",55
"583","7",0.731296303801981,"X40-55",33,"X40",55
"584","7",0.894953289034994,"X40.1-55",34,"X40.1",55
"585","7",0.891712142550816,"tSNE_KMEANS_45-55",34,"tSNE_KMEANS_45",55
"586","7",0.928516896294002,"UMAP_KMEANS_45-55",37,"UMAP_KMEANS_45",55
"587","7",0.803052950383134,"tSNE_KMEANS_35-55",29,"tSNE_KMEANS_35",55
"588","7",0.998061322591547,"sc3_35-55",35,"sc3_35",55
"589","7",0.99382217035811,"sc3_40-60",40,"sc3_40",60
"590","7",0.731296303801981,"X40-60",33,"X40",60
"591","7",0.910533783895314,"X40.1-60",32,"X40.1",60
"592","7",0.891712142550816,"tSNE_KMEANS_45-60",34,"tSNE_KMEANS_45",60
"593","7",0.928516896294002,"UMAP_KMEANS_45-60",37,"UMAP_KMEANS_45",60
"594","7",0.807519032108684,"tSNE_KMEANS_35-60",28,"tSNE_KMEANS_35",60
"595","7",0.998061322591547,"sc3_35-60",35,"sc3_35",60
"596","7",0.99382217035811,"sc3_40-65",40,"sc3_40",65
"597","7",0.745235432727587,"X40-65",31,"X40",65
"598","7",0.910533783895314,"X40.1-65",32,"X40.1",65
"599","7",0.891712142550816,"tSNE_KMEANS_45-65",34,"tSNE_KMEANS_45",65
"600","7",0.933927082500654,"UMAP_KMEANS_45-65",36,"UMAP_KMEANS_45",65
"601","7",0.812613791623795,"tSNE_KMEANS_35-65",27,"tSNE_KMEANS_35",65
"602","7",0.998061322591547,"sc3_35-65",35,"sc3_35",65
"603","7",0.99382217035811,"sc3_40-70",40,"sc3_40",70
"604","7",0.750826979507784,"X40-70",30,"X40",70
"605","7",0.910533783895314,"X40.1-70",32,"X40.1",70
"606","7",0.90327522374732,"tSNE_KMEANS_45-70",32,"tSNE_KMEANS_45",70
"607","7",0.943587843701573,"UMAP_KMEANS_45-70",35,"UMAP_KMEANS_45",70
"608","7",0.812613791623795,"tSNE_KMEANS_35-70",27,"tSNE_KMEANS_35",70
"609","7",0.998061322591547,"sc3_35-70",35,"sc3_35",70
"610","7",0.99382217035811,"sc3_40-75",40,"sc3_40",75
"611","7",0.758065753209902,"X40-75",29,"X40",75
"612","7",0.926997029644574,"X40.1-75",29,"X40.1",75
"613","7",0.90327522374732,"tSNE_KMEANS_45-75",32,"tSNE_KMEANS_45",75
"614","7",0.943587843701573,"UMAP_KMEANS_45-75",35,"UMAP_KMEANS_45",75
"615","7",0.812613791623795,"tSNE_KMEANS_35-75",27,"tSNE_KMEANS_35",75
"616","7",0.998061322591547,"sc3_35-75",35,"sc3_35",75
"617","7",0.99382217035811,"sc3_40-80",40,"sc3_40",80
"618","7",0.761545167741306,"X40-80",28,"X40",80
"619","7",0.934586724477308,"X40.1-80",28,"X40.1",80
"620","7",0.90327522374732,"tSNE_KMEANS_45-80",32,"tSNE_KMEANS_45",80
"621","7",0.943587843701573,"UMAP_KMEANS_45-80",35,"UMAP_KMEANS_45",80
"622","7",0.821302235348351,"tSNE_KMEANS_35-80",25,"tSNE_KMEANS_35",80
"623","7",0.998061322591547,"sc3_35-80",35,"sc3_35",80
"624","7",0.99382217035811,"sc3_40-85",40,"sc3_40",85
"625","7",0.773292064393447,"X40-85",26,"X40",85
"626","7",0.934586724477308,"X40.1-85",28,"X40.1",85
"627","7",0.90327522374732,"tSNE_KMEANS_45-85",32,"tSNE_KMEANS_45",85
"628","7",0.951907385627405,"UMAP_KMEANS_45-85",34,"UMAP_KMEANS_45",85
"629","7",0.82843520304674,"tSNE_KMEANS_35-85",24,"tSNE_KMEANS_35",85
"630","7",0.998061322591547,"sc3_35-85",35,"sc3_35",85
"631","7",0.99382217035811,"sc3_40-90",40,"sc3_40",90
"632","7",0.777252966278639,"X40-90",25,"X40",90
"633","7",0.934586724477308,"X40.1-90",28,"X40.1",90
"634","7",0.90327522374732,"tSNE_KMEANS_45-90",32,"tSNE_KMEANS_45",90
"635","7",0.962035438392,"UMAP_KMEANS_45-90",31,"UMAP_KMEANS_45",90
"636","7",0.82843520304674,"tSNE_KMEANS_35-90",24,"tSNE_KMEANS_35",90
"637","7",0.998061322591547,"sc3_35-90",35,"sc3_35",90
"638","7",0.99382217035811,"sc3_40-95",40,"sc3_40",95
"639","7",0.777252966278639,"X40-95",25,"X40",95
"640","7",0.934586724477308,"X40.1-95",28,"X40.1",95
"641","7",0.919385436764821,"tSNE_KMEANS_45-95",28,"tSNE_KMEANS_45",95
"642","7",0.962035438392,"UMAP_KMEANS_45-95",31,"UMAP_KMEANS_45",95
"643","7",0.82843520304674,"tSNE_KMEANS_35-95",24,"tSNE_KMEANS_35",95
"644","7",0.998061322591547,"sc3_35-95",35,"sc3_35",95
"645","7",0.997591591630153,"sc3_40-100",31,"sc3_40",100
"646","7",0.781112807535798,"X40-100",24,"X40",100
"647","7",0.934586724477308,"X40.1-100",28,"X40.1",100
"648","7",0.919385436764821,"tSNE_KMEANS_45-100",28,"tSNE_KMEANS_45",100
"649","7",0.96918640651212,"UMAP_KMEANS_45-100",29,"UMAP_KMEANS_45",100
"650","7",0.82843520304674,"tSNE_KMEANS_35-100",24,"tSNE_KMEANS_35",100
"651","7",0.999378425615522,"sc3_35-100",31,"sc3_35",100
"652","8",0.99382217035811,"sc3_40-00",40,"sc3_40",0
"653","8",0.672373434893105,"X40-00",40,"X40",0
"654","8",0.844032371265819,"X40.1-00",40,"X40.1",0
"655","8",0.79735255761002,"tSNE_KMEANS_45-00",45,"tSNE_KMEANS_45",0
"656","8",0.854850538127996,"UMAP_KMEANS_45-00",45,"UMAP_KMEANS_45",0
"657","8",0.753605733475748,"tSNE_KMEANS_35-00",35,"tSNE_KMEANS_35",0
"658","8",0.998061322591547,"sc3_35-00",35,"sc3_35",0
"659","8",0.770537236197811,"UMAP_KMEANS_35-00",35,"UMAP_KMEANS_35",0
"660","8",0.99382217035811,"sc3_40-05",40,"sc3_40",5
"661","8",0.684113640612953,"X40-05",39,"X40",5
"662","8",0.844032371265819,"X40.1-05",40,"X40.1",5
"663","8",0.810275807351065,"tSNE_KMEANS_45-05",44,"tSNE_KMEANS_45",5
"664","8",0.854850538127996,"UMAP_KMEANS_45-05",45,"UMAP_KMEANS_45",5
"665","8",0.773890549422908,"tSNE_KMEANS_35-05",33,"tSNE_KMEANS_35",5
"666","8",0.998061322591547,"sc3_35-05",35,"sc3_35",5
"667","8",0.770537236197811,"UMAP_KMEANS_35-05",35,"UMAP_KMEANS_35",5
"668","8",0.99382217035811,"sc3_40-10",40,"sc3_40",10
"669","8",0.695083988763058,"X40-10",38,"X40",10
"670","8",0.844032371265819,"X40.1-10",40,"X40.1",10
"671","8",0.822201891414198,"tSNE_KMEANS_45-10",43,"tSNE_KMEANS_45",10
"672","8",0.86518781308812,"UMAP_KMEANS_45-10",44,"UMAP_KMEANS_45",10
"673","8",0.773890549422908,"tSNE_KMEANS_35-10",33,"tSNE_KMEANS_35",10
"674","8",0.998061322591547,"sc3_35-10",35,"sc3_35",10
"675","8",0.770537236197811,"UMAP_KMEANS_35-10",35,"UMAP_KMEANS_35",10
"676","8",0.99382217035811,"sc3_40-15",40,"sc3_40",15
"677","8",0.713318285994308,"X40-15",36,"X40",15
"678","8",0.844032371265819,"X40.1-15",40,"X40.1",15
"679","8",0.83117558069956,"tSNE_KMEANS_45-15",42,"tSNE_KMEANS_45",15
"680","8",0.874595896122859,"UMAP_KMEANS_45-15",43,"UMAP_KMEANS_45",15
"681","8",0.773890549422908,"tSNE_KMEANS_35-15",33,"tSNE_KMEANS_35",15
"682","8",0.998061322591547,"sc3_35-15",35,"sc3_35",15
"683","8",0.770537236197811,"UMAP_KMEANS_35-15",35,"UMAP_KMEANS_35",15
"684","8",0.99382217035811,"sc3_40-20",40,"sc3_40",20
"685","8",0.713318285994308,"X40-20",36,"X40",20
"686","8",0.856248218720541,"X40.1-20",39,"X40.1",20
"687","8",0.839591962081613,"tSNE_KMEANS_45-20",41,"tSNE_KMEANS_45",20
"688","8",0.874595896122859,"UMAP_KMEANS_45-20",43,"UMAP_KMEANS_45",20
"689","8",0.773890549422908,"tSNE_KMEANS_35-20",33,"tSNE_KMEANS_35",20
"690","8",0.998061322591547,"sc3_35-20",35,"sc3_35",20
"691","8",0.789665172065026,"UMAP_KMEANS_35-20",33,"UMAP_KMEANS_35",20
"692","8",0.99382217035811,"sc3_40-25",40,"sc3_40",25
"693","8",0.713318285994308,"X40-25",36,"X40",25
"694","8",0.86654308946937,"X40.1-25",38,"X40.1",25
"695","8",0.847342864676509,"tSNE_KMEANS_45-25",40,"tSNE_KMEANS_45",25
"696","8",0.874595896122859,"UMAP_KMEANS_45-25",43,"UMAP_KMEANS_45",25
"697","8",0.780849880826732,"tSNE_KMEANS_35-25",32,"tSNE_KMEANS_35",25
"698","8",0.998061322591547,"sc3_35-25",35,"sc3_35",25
"699","8",0.796408664441195,"UMAP_KMEANS_35-25",32,"UMAP_KMEANS_35",25
"700","8",0.99382217035811,"sc3_40-30",40,"sc3_40",30
"701","8",0.713318285994308,"X40-30",36,"X40",30
"702","8",0.86654308946937,"X40.1-30",38,"X40.1",30
"703","8",0.847342864676509,"tSNE_KMEANS_45-30",40,"tSNE_KMEANS_45",30
"704","8",0.885564791003094,"UMAP_KMEANS_45-30",42,"UMAP_KMEANS_45",30
"705","8",0.780849880826732,"tSNE_KMEANS_35-30",32,"tSNE_KMEANS_35",30
"706","8",0.998061322591547,"sc3_35-30",35,"sc3_35",30
"707","8",0.81374569817458,"UMAP_KMEANS_35-30",30,"UMAP_KMEANS_35",30
"708","8",0.99382217035811,"sc3_40-35",40,"sc3_40",35
"709","8",0.713318285994308,"X40-35",36,"X40",35
"710","8",0.875567489928444,"X40.1-35",37,"X40.1",35
"711","8",0.847342864676509,"tSNE_KMEANS_45-35",40,"tSNE_KMEANS_45",35
"712","8",0.901757808563782,"UMAP_KMEANS_45-35",40,"UMAP_KMEANS_45",35
"713","8",0.780849880826732,"tSNE_KMEANS_35-35",32,"tSNE_KMEANS_35",35
"714","8",0.998061322591547,"sc3_35-35",35,"sc3_35",35
"715","8",0.822938320844705,"UMAP_KMEANS_35-35",29,"UMAP_KMEANS_35",35
"716","8",0.99382217035811,"sc3_40-40",40,"sc3_40",40
"717","8",0.713318285994308,"X40-40",36,"X40",40
"718","8",0.883592929243326,"X40.1-40",36,"X40.1",40
"719","8",0.870821319399939,"tSNE_KMEANS_45-40",37,"tSNE_KMEANS_45",40
"720","8",0.901757808563782,"UMAP_KMEANS_45-40",40,"UMAP_KMEANS_45",40
"721","8",0.785473411407121,"tSNE_KMEANS_35-40",31,"tSNE_KMEANS_35",40
"722","8",0.998061322591547,"sc3_35-40",35,"sc3_35",40
"723","8",0.822938320844705,"UMAP_KMEANS_35-40",29,"UMAP_KMEANS_35",40
"724","8",0.99382217035811,"sc3_40-45",40,"sc3_40",45
"725","8",0.713318285994308,"X40-45",36,"X40",45
"726","8",0.888795249200755,"X40.1-45",35,"X40.1",45
"727","8",0.880376857532789,"tSNE_KMEANS_45-45",36,"tSNE_KMEANS_45",45
"728","8",0.901757808563782,"UMAP_KMEANS_45-45",40,"UMAP_KMEANS_45",45
"729","8",0.800274999473204,"tSNE_KMEANS_35-45",29,"tSNE_KMEANS_35",45
"730","8",0.998061322591547,"sc3_35-45",35,"sc3_35",45
"731","8",0.822938320844705,"UMAP_KMEANS_35-45",29,"UMAP_KMEANS_35",45
"732","8",0.99382217035811,"sc3_40-50",40,"sc3_40",50
"733","8",0.725951115000339,"X40-50",34,"X40",50
"734","8",0.896794221205441,"X40.1-50",34,"X40.1",50
"735","8",0.880376857532789,"tSNE_KMEANS_45-50",36,"tSNE_KMEANS_45",50
"736","8",0.901757808563782,"UMAP_KMEANS_45-50",40,"UMAP_KMEANS_45",50
"737","8",0.804561237012211,"tSNE_KMEANS_35-50",28,"tSNE_KMEANS_35",50
"738","8",0.998061322591547,"sc3_35-50",35,"sc3_35",50
"739","8",0.822938320844705,"UMAP_KMEANS_35-50",29,"UMAP_KMEANS_35",50
"740","8",0.99382217035811,"sc3_40-55",40,"sc3_40",55
"741","8",0.731296303801981,"X40-55",33,"X40",55
"742","8",0.896794221205441,"X40.1-55",34,"X40.1",55
"743","8",0.891712142550816,"tSNE_KMEANS_45-55",34,"tSNE_KMEANS_45",55
"744","8",0.901757808563782,"UMAP_KMEANS_45-55",40,"UMAP_KMEANS_45",55
"745","8",0.812613791623795,"tSNE_KMEANS_35-55",27,"tSNE_KMEANS_35",55
"746","8",0.998061322591547,"sc3_35-55",35,"sc3_35",55
"747","8",0.822938320844705,"UMAP_KMEANS_35-55",29,"UMAP_KMEANS_35",55
"748","8",0.99382217035811,"sc3_40-60",40,"sc3_40",60
"749","8",0.745235432727587,"X40-60",31,"X40",60
"750","8",0.896794221205441,"X40.1-60",34,"X40.1",60
"751","8",0.891712142550816,"tSNE_KMEANS_45-60",34,"tSNE_KMEANS_45",60
"752","8",0.91753789368528,"UMAP_KMEANS_45-60",38,"UMAP_KMEANS_45",60
"753","8",0.812613791623795,"tSNE_KMEANS_35-60",27,"tSNE_KMEANS_35",60
"754","8",0.998061322591547,"sc3_35-60",35,"sc3_35",60
"755","8",0.833971524727341,"UMAP_KMEANS_35-60",28,"UMAP_KMEANS_35",60
"756","8",0.99382217035811,"sc3_40-65",40,"sc3_40",65
"757","8",0.745235432727587,"X40-65",31,"X40",65
"758","8",0.910533783895314,"X40.1-65",32,"X40.1",65
"759","8",0.891712142550816,"tSNE_KMEANS_45-65",34,"tSNE_KMEANS_45",65
"760","8",0.928174352307387,"UMAP_KMEANS_45-65",37,"UMAP_KMEANS_45",65
"761","8",0.812613791623795,"tSNE_KMEANS_35-65",27,"tSNE_KMEANS_35",65
"762","8",0.998061322591547,"sc3_35-65",35,"sc3_35",65
"763","8",0.843959747373838,"UMAP_KMEANS_35-65",27,"UMAP_KMEANS_35",65
"764","8",0.99382217035811,"sc3_40-70",40,"sc3_40",70
"765","8",0.758065753209902,"X40-70",29,"X40",70
"766","8",0.921531565945747,"X40.1-70",30,"X40.1",70
"767","8",0.891712142550816,"tSNE_KMEANS_45-70",34,"tSNE_KMEANS_45",70
"768","8",0.928174352307387,"UMAP_KMEANS_45-70",37,"UMAP_KMEANS_45",70
"769","8",0.812613791623795,"tSNE_KMEANS_35-70",27,"tSNE_KMEANS_35",70
"770","8",0.998061322591547,"sc3_35-70",35,"sc3_35",70
"771","8",0.843959747373838,"UMAP_KMEANS_35-70",27,"UMAP_KMEANS_35",70
"772","8",0.99382217035811,"sc3_40-75",40,"sc3_40",75
"773","8",0.765972006917921,"X40-75",28,"X40",75
"774","8",0.921531565945747,"X40.1-75",30,"X40.1",75
"775","8",0.90327522374732,"tSNE_KMEANS_45-75",32,"tSNE_KMEANS_45",75
"776","8",0.936721993157308,"UMAP_KMEANS_45-75",36,"UMAP_KMEANS_45",75
"777","8",0.812613791623795,"tSNE_KMEANS_35-75",27,"tSNE_KMEANS_35",75
"778","8",0.998061322591547,"sc3_35-75",35,"sc3_35",75
"779","8",0.843959747373838,"UMAP_KMEANS_35-75",27,"UMAP_KMEANS_35",75
"780","8",0.99382217035811,"sc3_40-80",40,"sc3_40",80
"781","8",0.765972006917921,"X40-80",28,"X40",80
"782","8",0.934586724477308,"X40.1-80",28,"X40.1",80
"783","8",0.90327522374732,"tSNE_KMEANS_45-80",32,"tSNE_KMEANS_45",80
"784","8",0.944955507865795,"UMAP_KMEANS_45-80",35,"UMAP_KMEANS_45",80
"785","8",0.812613791623795,"tSNE_KMEANS_35-80",27,"tSNE_KMEANS_35",80
"786","8",0.998061322591547,"sc3_35-80",35,"sc3_35",80
"787","8",0.854127380967983,"UMAP_KMEANS_35-80",26,"UMAP_KMEANS_35",80
"788","8",0.99382217035811,"sc3_40-85",40,"sc3_40",85
"789","8",0.773292064393447,"X40-85",26,"X40",85
"790","8",0.934586724477308,"X40.1-85",28,"X40.1",85
"791","8",0.90327522374732,"tSNE_KMEANS_45-85",32,"tSNE_KMEANS_45",85
"792","8",0.944955507865795,"UMAP_KMEANS_45-85",35,"UMAP_KMEANS_45",85
"793","8",0.82843520304674,"tSNE_KMEANS_35-85",24,"tSNE_KMEANS_35",85
"794","8",0.998061322591547,"sc3_35-85",35,"sc3_35",85
"795","8",0.854127380967983,"UMAP_KMEANS_35-85",26,"UMAP_KMEANS_35",85
"796","8",0.99382217035811,"sc3_40-90",40,"sc3_40",90
"797","8",0.777252966278639,"X40-90",25,"X40",90
"798","8",0.934586724477308,"X40.1-90",28,"X40.1",90
"799","8",0.90327522374732,"tSNE_KMEANS_45-90",32,"tSNE_KMEANS_45",90
"800","8",0.957938981859349,"UMAP_KMEANS_45-90",32,"UMAP_KMEANS_45",90
"801","8",0.82843520304674,"tSNE_KMEANS_35-90",24,"tSNE_KMEANS_35",90
"802","8",0.998061322591547,"sc3_35-90",35,"sc3_35",90
"803","8",0.860753102359312,"UMAP_KMEANS_35-90",25,"UMAP_KMEANS_35",90
"804","8",0.99382217035811,"sc3_40-95",40,"sc3_40",95
"805","8",0.777252966278639,"X40-95",25,"X40",95
"806","8",0.934586724477308,"X40.1-95",28,"X40.1",95
"807","8",0.919385436764821,"tSNE_KMEANS_45-95",28,"tSNE_KMEANS_45",95
"808","8",0.962035438392,"UMAP_KMEANS_45-95",31,"UMAP_KMEANS_45",95
"809","8",0.82843520304674,"tSNE_KMEANS_35-95",24,"tSNE_KMEANS_35",95
"810","8",0.998061322591547,"sc3_35-95",35,"sc3_35",95
"811","8",0.860753102359312,"UMAP_KMEANS_35-95",25,"UMAP_KMEANS_35",95
"812","8",0.997591591630153,"sc3_40-100",31,"sc3_40",100
"813","8",0.781112807535798,"X40-100",24,"X40",100
"814","8",0.934586724477308,"X40.1-100",28,"X40.1",100
"815","8",0.919385436764821,"tSNE_KMEANS_45-100",28,"tSNE_KMEANS_45",100
"816","8",0.96918640651212,"UMAP_KMEANS_45-100",29,"UMAP_KMEANS_45",100
"817","8",0.82843520304674,"tSNE_KMEANS_35-100",24,"tSNE_KMEANS_35",100
"818","8",0.999378425615522,"sc3_35-100",31,"sc3_35",100
"819","8",0.860753102359312,"UMAP_KMEANS_35-100",25,"UMAP_KMEANS_35",100
"820","9",0.99382217035811,"sc3_40-00",40,"sc3_40",0
"821","9",0.672373434893105,"X40-00",40,"X40",0
"822","9",0.844032371265819,"X40.1-00",40,"X40.1",0
"823","9",0.79735255761002,"tSNE_KMEANS_45-00",45,"tSNE_KMEANS_45",0
"824","9",0.854850538127996,"UMAP_KMEANS_45-00",45,"UMAP_KMEANS_45",0
"825","9",0.753605733475748,"tSNE_KMEANS_35-00",35,"tSNE_KMEANS_35",0
"826","9",0.998061322591547,"sc3_35-00",35,"sc3_35",0
"827","9",0.770537236197811,"UMAP_KMEANS_35-00",35,"UMAP_KMEANS_35",0
"828","9",0.99382217035811,"sc3_40-05",40,"sc3_40",5
"829","9",0.684113640612953,"X40-05",39,"X40",5
"830","9",0.844032371265819,"X40.1-05",40,"X40.1",5
"831","9",0.810275807351065,"tSNE_KMEANS_45-05",44,"tSNE_KMEANS_45",5
"832","9",0.854850538127996,"UMAP_KMEANS_45-05",45,"UMAP_KMEANS_45",5
"833","9",0.773890549422908,"tSNE_KMEANS_35-05",33,"tSNE_KMEANS_35",5
"834","9",0.998061322591547,"sc3_35-05",35,"sc3_35",5
"835","9",0.770537236197811,"UMAP_KMEANS_35-05",35,"UMAP_KMEANS_35",5
"836","9",0.99382217035811,"sc3_40-10",40,"sc3_40",10
"837","9",0.695083988763058,"X40-10",38,"X40",10
"838","9",0.844032371265819,"X40.1-10",40,"X40.1",10
"839","9",0.822201891414198,"tSNE_KMEANS_45-10",43,"tSNE_KMEANS_45",10
"840","9",0.86518781308812,"UMAP_KMEANS_45-10",44,"UMAP_KMEANS_45",10
"841","9",0.773890549422908,"tSNE_KMEANS_35-10",33,"tSNE_KMEANS_35",10
"842","9",0.998061322591547,"sc3_35-10",35,"sc3_35",10
"843","9",0.770537236197811,"UMAP_KMEANS_35-10",35,"UMAP_KMEANS_35",10
"844","9",0.99382217035811,"sc3_40-15",40,"sc3_40",15
"845","9",0.713318285994308,"X40-15",36,"X40",15
"846","9",0.844032371265819,"X40.1-15",40,"X40.1",15
"847","9",0.83117558069956,"tSNE_KMEANS_45-15",42,"tSNE_KMEANS_45",15
"848","9",0.874595896122859,"UMAP_KMEANS_45-15",43,"UMAP_KMEANS_45",15
"849","9",0.773890549422908,"tSNE_KMEANS_35-15",33,"tSNE_KMEANS_35",15
"850","9",0.998061322591547,"sc3_35-15",35,"sc3_35",15
"851","9",0.770537236197811,"UMAP_KMEANS_35-15",35,"UMAP_KMEANS_35",15
"852","9",0.99382217035811,"sc3_40-20",40,"sc3_40",20
"853","9",0.713318285994308,"X40-20",36,"X40",20
"854","9",0.856248218720541,"X40.1-20",39,"X40.1",20
"855","9",0.839591962081613,"tSNE_KMEANS_45-20",41,"tSNE_KMEANS_45",20
"856","9",0.874595896122859,"UMAP_KMEANS_45-20",43,"UMAP_KMEANS_45",20
"857","9",0.773890549422908,"tSNE_KMEANS_35-20",33,"tSNE_KMEANS_35",20
"858","9",0.998061322591547,"sc3_35-20",35,"sc3_35",20
"859","9",0.789665172065026,"UMAP_KMEANS_35-20",33,"UMAP_KMEANS_35",20
"860","9",0.99382217035811,"sc3_40-25",40,"sc3_40",25
"861","9",0.713318285994308,"X40-25",36,"X40",25
"862","9",0.86654308946937,"X40.1-25",38,"X40.1",25
"863","9",0.847342864676509,"tSNE_KMEANS_45-25",40,"tSNE_KMEANS_45",25
"864","9",0.874595896122859,"UMAP_KMEANS_45-25",43,"UMAP_KMEANS_45",25
"865","9",0.780849880826732,"tSNE_KMEANS_35-25",32,"tSNE_KMEANS_35",25
"866","9",0.998061322591547,"sc3_35-25",35,"sc3_35",25
"867","9",0.796408664441195,"UMAP_KMEANS_35-25",32,"UMAP_KMEANS_35",25
"868","9",0.99382217035811,"sc3_40-30",40,"sc3_40",30
"869","9",0.713318285994308,"X40-30",36,"X40",30
"870","9",0.86654308946937,"X40.1-30",38,"X40.1",30
"871","9",0.847342864676509,"tSNE_KMEANS_45-30",40,"tSNE_KMEANS_45",30
"872","9",0.885564791003094,"UMAP_KMEANS_45-30",42,"UMAP_KMEANS_45",30
"873","9",0.780849880826732,"tSNE_KMEANS_35-30",32,"tSNE_KMEANS_35",30
"874","9",0.998061322591547,"sc3_35-30",35,"sc3_35",30
"875","9",0.81374569817458,"UMAP_KMEANS_35-30",30,"UMAP_KMEANS_35",30
"876","9",0.99382217035811,"sc3_40-35",40,"sc3_40",35
"877","9",0.713318285994308,"X40-35",36,"X40",35
"878","9",0.875567489928444,"X40.1-35",37,"X40.1",35
"879","9",0.847342864676509,"tSNE_KMEANS_45-35",40,"tSNE_KMEANS_45",35
"880","9",0.901757808563782,"UMAP_KMEANS_45-35",40,"UMAP_KMEANS_45",35
"881","9",0.780849880826732,"tSNE_KMEANS_35-35",32,"tSNE_KMEANS_35",35
"882","9",0.998061322591547,"sc3_35-35",35,"sc3_35",35
"883","9",0.822938320844705,"UMAP_KMEANS_35-35",29,"UMAP_KMEANS_35",35
"884","9",0.99382217035811,"sc3_40-40",40,"sc3_40",40
"885","9",0.713318285994308,"X40-40",36,"X40",40
"886","9",0.883592929243326,"X40.1-40",36,"X40.1",40
"887","9",0.870821319399939,"tSNE_KMEANS_45-40",37,"tSNE_KMEANS_45",40
"888","9",0.901757808563782,"UMAP_KMEANS_45-40",40,"UMAP_KMEANS_45",40
"889","9",0.785473411407121,"tSNE_KMEANS_35-40",31,"tSNE_KMEANS_35",40
"890","9",0.998061322591547,"sc3_35-40",35,"sc3_35",40
"891","9",0.822938320844705,"UMAP_KMEANS_35-40",29,"UMAP_KMEANS_35",40
"892","9",0.99382217035811,"sc3_40-45",40,"sc3_40",45
"893","9",0.713318285994308,"X40-45",36,"X40",45
"894","9",0.888795249200755,"X40.1-45",35,"X40.1",45
"895","9",0.880376857532789,"tSNE_KMEANS_45-45",36,"tSNE_KMEANS_45",45
"896","9",0.901757808563782,"UMAP_KMEANS_45-45",40,"UMAP_KMEANS_45",45
"897","9",0.800274999473204,"tSNE_KMEANS_35-45",29,"tSNE_KMEANS_35",45
"898","9",0.998061322591547,"sc3_35-45",35,"sc3_35",45
"899","9",0.822938320844705,"UMAP_KMEANS_35-45",29,"UMAP_KMEANS_35",45
"900","9",0.99382217035811,"sc3_40-50",40,"sc3_40",50
"901","9",0.725951115000339,"X40-50",34,"X40",50
"902","9",0.896794221205441,"X40.1-50",34,"X40.1",50
"903","9",0.880376857532789,"tSNE_KMEANS_45-50",36,"tSNE_KMEANS_45",50
"904","9",0.901757808563782,"UMAP_KMEANS_45-50",40,"UMAP_KMEANS_45",50
"905","9",0.804561237012211,"tSNE_KMEANS_35-50",28,"tSNE_KMEANS_35",50
"906","9",0.998061322591547,"sc3_35-50",35,"sc3_35",50
"907","9",0.822938320844705,"UMAP_KMEANS_35-50",29,"UMAP_KMEANS_35",50
"908","9",0.99382217035811,"sc3_40-55",40,"sc3_40",55
"909","9",0.731296303801981,"X40-55",33,"X40",55
"910","9",0.896794221205441,"X40.1-55",34,"X40.1",55
"911","9",0.891712142550816,"tSNE_KMEANS_45-55",34,"tSNE_KMEANS_45",55
"912","9",0.901757808563782,"UMAP_KMEANS_45-55",40,"UMAP_KMEANS_45",55
"913","9",0.812613791623795,"tSNE_KMEANS_35-55",27,"tSNE_KMEANS_35",55
"914","9",0.998061322591547,"sc3_35-55",35,"sc3_35",55
"915","9",0.822938320844705,"UMAP_KMEANS_35-55",29,"UMAP_KMEANS_35",55
"916","9",0.99382217035811,"sc3_40-60",40,"sc3_40",60
"917","9",0.745235432727587,"X40-60",31,"X40",60
"918","9",0.896794221205441,"X40.1-60",34,"X40.1",60
"919","9",0.891712142550816,"tSNE_KMEANS_45-60",34,"tSNE_KMEANS_45",60
"920","9",0.91753789368528,"UMAP_KMEANS_45-60",38,"UMAP_KMEANS_45",60
"921","9",0.812613791623795,"tSNE_KMEANS_35-60",27,"tSNE_KMEANS_35",60
"922","9",0.998061322591547,"sc3_35-60",35,"sc3_35",60
"923","9",0.833971524727341,"UMAP_KMEANS_35-60",28,"UMAP_KMEANS_35",60
"924","9",0.99382217035811,"sc3_40-65",40,"sc3_40",65
"925","9",0.745235432727587,"X40-65",31,"X40",65
"926","9",0.910533783895314,"X40.1-65",32,"X40.1",65
"927","9",0.891712142550816,"tSNE_KMEANS_45-65",34,"tSNE_KMEANS_45",65
"928","9",0.928174352307387,"UMAP_KMEANS_45-65",37,"UMAP_KMEANS_45",65
"929","9",0.812613791623795,"tSNE_KMEANS_35-65",27,"tSNE_KMEANS_35",65
"930","9",0.998061322591547,"sc3_35-65",35,"sc3_35",65
"931","9",0.843959747373838,"UMAP_KMEANS_35-65",27,"UMAP_KMEANS_35",65
"932","9",0.99382217035811,"sc3_40-70",40,"sc3_40",70
"933","9",0.758065753209902,"X40-70",29,"X40",70
"934","9",0.921531565945747,"X40.1-70",30,"X40.1",70
"935","9",0.891712142550816,"tSNE_KMEANS_45-70",34,"tSNE_KMEANS_45",70
"936","9",0.928174352307387,"UMAP_KMEANS_45-70",37,"UMAP_KMEANS_45",70
"937","9",0.812613791623795,"tSNE_KMEANS_35-70",27,"tSNE_KMEANS_35",70
"938","9",0.998061322591547,"sc3_35-70",35,"sc3_35",70
"939","9",0.843959747373838,"UMAP_KMEANS_35-70",27,"UMAP_KMEANS_35",70
"940","9",0.99382217035811,"sc3_40-75",40,"sc3_40",75
"941","9",0.765972006917921,"X40-75",28,"X40",75
"942","9",0.921531565945747,"X40.1-75",30,"X40.1",75
"943","9",0.90327522374732,"tSNE_KMEANS_45-75",32,"tSNE_KMEANS_45",75
"944","9",0.936721993157308,"UMAP_KMEANS_45-75",36,"UMAP_KMEANS_45",75
"945","9",0.812613791623795,"tSNE_KMEANS_35-75",27,"tSNE_KMEANS_35",75
"946","9",0.998061322591547,"sc3_35-75",35,"sc3_35",75
"947","9",0.843959747373838,"UMAP_KMEANS_35-75",27,"UMAP_KMEANS_35",75
"948","9",0.99382217035811,"sc3_40-80",40,"sc3_40",80
"949","9",0.765972006917921,"X40-80",28,"X40",80
"950","9",0.934586724477308,"X40.1-80",28,"X40.1",80
"951","9",0.90327522374732,"tSNE_KMEANS_45-80",32,"tSNE_KMEANS_45",80
"952","9",0.944955507865795,"UMAP_KMEANS_45-80",35,"UMAP_KMEANS_45",80
"953","9",0.812613791623795,"tSNE_KMEANS_35-80",27,"tSNE_KMEANS_35",80
"954","9",0.998061322591547,"sc3_35-80",35,"sc3_35",80
"955","9",0.854127380967983,"UMAP_KMEANS_35-80",26,"UMAP_KMEANS_35",80
"956","9",0.99382217035811,"sc3_40-85",40,"sc3_40",85
"957","9",0.773292064393447,"X40-85",26,"X40",85
"958","9",0.934586724477308,"X40.1-85",28,"X40.1",85
"959","9",0.90327522374732,"tSNE_KMEANS_45-85",32,"tSNE_KMEANS_45",85
"960","9",0.944955507865795,"UMAP_KMEANS_45-85",35,"UMAP_KMEANS_45",85
"961","9",0.82843520304674,"tSNE_KMEANS_35-85",24,"tSNE_KMEANS_35",85
"962","9",0.998061322591547,"sc3_35-85",35,"sc3_35",85
"963","9",0.854127380967983,"UMAP_KMEANS_35-85",26,"UMAP_KMEANS_35",85
"964","9",0.99382217035811,"sc3_40-90",40,"sc3_40",90
"965","9",0.777252966278639,"X40-90",25,"X40",90
"966","9",0.934586724477308,"X40.1-90",28,"X40.1",90
"967","9",0.90327522374732,"tSNE_KMEANS_45-90",32,"tSNE_KMEANS_45",90
"968","9",0.957938981859349,"UMAP_KMEANS_45-90",32,"UMAP_KMEANS_45",90
"969","9",0.82843520304674,"tSNE_KMEANS_35-90",24,"tSNE_KMEANS_35",90
"970","9",0.998061322591547,"sc3_35-90",35,"sc3_35",90
"971","9",0.860753102359312,"UMAP_KMEANS_35-90",25,"UMAP_KMEANS_35",90
"972","9",0.99382217035811,"sc3_40-95",40,"sc3_40",95
"973","9",0.777252966278639,"X40-95",25,"X40",95
"974","9",0.934586724477308,"X40.1-95",28,"X40.1",95
"975","9",0.919385436764821,"tSNE_KMEANS_45-95",28,"tSNE_KMEANS_45",95
"976","9",0.962035438392,"UMAP_KMEANS_45-95",31,"UMAP_KMEANS_45",95
"977","9",0.82843520304674,"tSNE_KMEANS_35-95",24,"tSNE_KMEANS_35",95
"978","9",0.998061322591547,"sc3_35-95",35,"sc3_35",95
"979","9",0.860753102359312,"UMAP_KMEANS_35-95",25,"UMAP_KMEANS_35",95
"980","9",0.997591591630153,"sc3_40-100",31,"sc3_40",100
"981","9",0.781112807535798,"X40-100",24,"X40",100
"982","9",0.934586724477308,"X40.1-100",28,"X40.1",100
"983","9",0.919385436764821,"tSNE_KMEANS_45-100",28,"tSNE_KMEANS_45",100
"984","9",0.96918640651212,"UMAP_KMEANS_45-100",29,"UMAP_KMEANS_45",100
"985","9",0.82843520304674,"tSNE_KMEANS_35-100",24,"tSNE_KMEANS_35",100
"986","9",0.999378425615522,"sc3_35-100",31,"sc3_35",100
"987","9",0.860753102359312,"UMAP_KMEANS_35-100",25,"UMAP_KMEANS_35",100
